Cause,Deaths
Fire Arms,35.72792102386741
Traffic Fatalities,49.90539402417736
Heart Disease,763.7919779923976
Homocide,12.675315472209082
